{
    "keys": {
        "IDS_TAB_SPACE.text": [
            "text-path", 
            "strings.json"
        ], 
        "IDS_TAB_WORKPLACE.text": [
            "text-path", 
            "strings.json"
        ], 
        "IDS_LARK_PRODUCT_NAME.text": [
            "text-path", 
            "strings.json"
        ], 
        "IDS_TAB_MAIL.text": [
            "text-path", 
            "strings.json"
        ], 
        "IDS_TAB_MESSENGER.text": [
            "text-path", 
            "strings.json"
        ], 
        "IDS_TAB_CONTACTS.text": [
            "text-path", 
            "strings.json"
        ], 
        "IDR_FEATURE_SWITCH.file": [
            "bundle-path", 
            "IDR_FEATURE_SWITCH.txt"
        ], 
        "IDS_TAB_CALENDAR.text": [
            "text-path", 
            "strings.json"
        ]
    }
}