{
  "IDS_LARK_PRODUCT_NAME": {
    "en-US": "Feishu",
    "zh-CN": "成电飞书",
    "ja-JP": "Feishu",
    "$base": "Feishu"
  },
  "IDS_TAB_CALENDAR": {
    "en-US": "Calendar",
    "ja-JP": "カレンダー",
    "zh-CN": "日历",
    "$base": "日历"
  },
  "IDS_TAB_CONTACTS": {
    "en-US": "Contacts",
    "ja-JP": "連絡先",
    "zh-CN": "联系人",
    "$base": "联系人"
  },
  "IDS_TAB_MAIL": {
    "ja-JP": "メール",
    "zh-CN": "邮箱",
    "en-US": "Email",
    "$base": "邮箱"
  },
  "IDS_TAB_MESSENGER": {
    "ja-JP": "メッセンジャー",
    "zh-CN": "消息",
    "en-US": "Messenger",
    "$base": "Messenger"
  },
  "IDS_TAB_SPACE": {
    "en-US": "Docs",
    "ja-JP": "Docs",
    "zh-CN": "云文档",
    "$base": "云文档"
  },
  "IDS_TAB_WORKPLACE": {
    "ja-JP": "ワークプレイス",
    "zh-CN": "工作台",
    "en-US": "Workplace",
    "$base": "工作台"
  }
}